Albania,AL
Algeria,DZ
Andorra,AD
Argentina,AR
Armenia,AM
Austria,AT
Belarus,BY
Belgium,BE
Bolivia,BO
Bosnia and Herzegovina,BA
Brazil,BR
Bulgaria,BG
Colombia,CO
Croatia,HR
Cuba,CU
Cyprus,CY
Czech Republic,CZ
Denmark,DK
Dominican Republic,DO
Ecuador,EC
Egypt,EG
Estonia,EE
Finland,FI
France,FR
Georgia,GE
Germany,DE
Gibraltar,GI
Greece,GR
Honduras,HN
Hungary,HU
Iceland,IS
Ireland,IE
Israel,IL
Italy,IT
Latvia,LV
Lithuania,LT
Luxembourg,LU
Macedonia,MK
Malta,MT
Mexico,MX
Moldova,MD
Montenegro,ME
Morocco,MA
Netherlands,NL
Norway,NO
Paraguay,PY
Peru,PE
Poland,PL
Portugal,PT
Puerto Rico,PR
Romania,RO
Russia,RU
Serbia,RS
Slovakia,SK
Slovenia,SI
Spain,ES
Sweden,SE
Switzerland,CH
Tunisia,TN
Turkey,TR
Ukraine,UA
United Arab Emirates,AE
United Kingdom,GB
Uruguay,UY
USA,US
Venezuela,VE